C:\Users\proje\OneDrive\Desktop\LOGOS\PROJECT LOGOS 2025\Protopraxic Logic\Protopraxic_Meta_Logic\Protopraxic_Meta_Logic-1\proof_checking\pxl_completeness_proofs_v4\pxl_phase4_completeness\coq\PXL_Completeness_Truth_Skeleton.v,171,"Admitted."
C:\Users\proje\OneDrive\Desktop\LOGOS\PROJECT LOGOS 2025\Protopraxic Logic\Protopraxic_Meta_Logic\Protopraxic_Meta_Logic-1\proof_checking\pxl_completeness_proofs_v4\pxl_phase4_completeness\coq\PXL_Completeness_Truth_Skeleton.v,362,"(* Negation: both directions using the admitted canonical truth lemma and IH *)"
C:\Users\proje\OneDrive\Desktop\LOGOS\PROJECT LOGOS 2025\Protopraxic Logic\Protopraxic_Meta_Logic\Protopraxic_Meta_Logic-1\proof_checking\pxl_completeness_proofs_v4\pxl_phase4_completeness\coq\PXL_Completeness_Truth_Skeleton.v,383,"(* Stub Dia/Box cases — leave them admitted for now. *)"
C:\Users\proje\OneDrive\Desktop\LOGOS\PROJECT LOGOS 2025\Protopraxic Logic\Protopraxic_Meta_Logic\Protopraxic_Meta_Logic-1\proof_checking\pxl_completeness_proofs_v4\pxl_phase4_completeness\coq\PXL_Completeness_Truth_Skeleton.v,384,"(* Full backward for implication (uses Lindenbaum/successor argument) - keep admitted as scaffold) *)"
C:\Users\proje\OneDrive\Desktop\LOGOS\PROJECT LOGOS 2025\Protopraxic Logic\Protopraxic_Meta_Logic\Protopraxic_Meta_Logic-1\proof_checking\pxl_completeness_proofs_v4\pxl_phase4_completeness\coq\PXL_Completeness_Truth_Skeleton.v,397,"   (* truth_lemma_can_set relates In_set and forces at the canonical witness (admitted in sketch). *)"
C:\Users\proje\OneDrive\Desktop\LOGOS\PROJECT LOGOS 2025\Protopraxic Logic\Protopraxic_Meta_Logic\Protopraxic_Meta_Logic-1\proof_checking\pxl_completeness_proofs_v4\pxl_phase4_completeness\coq\PXL_Completeness_Truth_Skeleton.v,405,"(* Stub Dia/Box cases — leave them admitted for now. *)"
C:\Users\proje\OneDrive\Desktop\LOGOS\PROJECT LOGOS 2025\Protopraxic Logic\Protopraxic_Meta_Logic\Protopraxic_Meta_Logic-1\proof_checking\pxl_completeness_proofs_v4\pxl_phase4_completeness\coq\PXL_Completeness_Truth_Skeleton.v,470,"(* Final skeleton: state the full lemma and leave it Admitted for now so you can iterate."
C:\Users\proje\OneDrive\Desktop\LOGOS\PROJECT LOGOS 2025\Protopraxic Logic\Protopraxic_Meta_Logic\Protopraxic_Meta_Logic-1\proof_checking\pxl_completeness_proofs_v4\pxl_phase4_completeness\coq\PXL_Completeness_Truth_Skeleton.v,504,"   These reduce admitted stubs and are safe while `truth_lemma_can` remains"
C:\Users\proje\OneDrive\Desktop\LOGOS\PROJECT LOGOS 2025\Protopraxic Logic\Protopraxic_Meta_Logic\Protopraxic_Meta_Logic-1\proof_checking\pxl_completeness_proofs_v4\pxl_phase4_completeness\coq\TEMP_minimal.v,76,"Admitted."
C:\Users\proje\OneDrive\Desktop\LOGOS\PROJECT LOGOS 2025\Protopraxic Logic\Protopraxic_Meta_Logic\Protopraxic_Meta_Logic-1\proof_checking\pxl_completeness_proofs_v4\pxl_phase4_completeness\coq\TEMP_minimal.v,79,"Admitted."
C:\Users\proje\OneDrive\Desktop\LOGOS\PROJECT LOGOS 2025\Protopraxic Logic\Protopraxic_Meta_Logic\Protopraxic_Meta_Logic-1\proof_checking\pxl_completeness_proofs_v4\pxl_phase4_completeness\coq\TEMP_minimal.v,117,"  familiar identifiers but expose them as admitted Lemmas so the development"
C:\Users\proje\OneDrive\Desktop\LOGOS\PROJECT LOGOS 2025\Protopraxic Logic\Protopraxic_Meta_Logic\Protopraxic_Meta_Logic-1\proof_checking\pxl_completeness_proofs_v4\pxl_phase4_completeness\coq\TEMP_minimal_backup.v,104,"  familiar identifiers but expose them as admitted Lemmas so the development"
C:\Users\proje\OneDrive\Desktop\LOGOS\PROJECT LOGOS 2025\Protopraxic Logic\Protopraxic_Meta_Logic\Protopraxic_Meta_Logic-1\proof_checking\pxl_completeness_proofs_v4\pxl_phase4_completeness\coq\TEMP_minimal_backup.v,108,"Admitted."
C:\Users\proje\OneDrive\Desktop\LOGOS\PROJECT LOGOS 2025\Protopraxic Logic\Protopraxic_Meta_Logic\Protopraxic_Meta_Logic-1\proof_checking\pxl_completeness_proofs_v4\pxl_phase4_completeness\coq\TEMP_minimal_backup.v,111,"Admitted."
C:\Users\proje\OneDrive\Desktop\LOGOS\PROJECT LOGOS 2025\Protopraxic Logic\Protopraxic_Meta_Logic\Protopraxic_Meta_Logic-1\proof_checking\pxl_completeness_proofs_v4\pxl_phase4_completeness\coq\TEMP_minimal_backup2.v,106,"  familiar identifiers but expose them as admitted Lemmas so the development"
C:\Users\proje\OneDrive\Desktop\LOGOS\PROJECT LOGOS 2025\Protopraxic Logic\Protopraxic_Meta_Logic\Protopraxic_Meta_Logic-1\proof_checking\pxl_completeness_proofs_v4\pxl_phase4_completeness\coq\TEMP_minimal_backup_impwrap.v,107,"  familiar identifiers but expose them as admitted Lemmas so the development"
